,State,specify,Violent_crime,Murder_and_nonnegligent_manslaughter,Rape,Robbery,Aggravated_assault,Property_crime,Burglary,Larceny-theft,Motor_vehicle_theft,year
10,ALABAMA,"Rate per 100,000 inhabitants",532.3,8.4,39.4,96.4,388.2,2947.8,700.5,2006.3,241.1,2016
19,ALASKA,"Rate per 100,000 inhabitants",804.2,7,141.9,114.6,540.6,3353,546.3,2394.7,412.1,2016
28,ARIZONA,"Rate per 100,000 inhabitants",470.1,5.5,47.5,101.8,315.4,2978.4,544.4,2168.1,265.8,2016
39,ARKANSAS,"Rate per 100,000 inhabitants",550.9,7.2,71.7,70.9,401,3268.6,795.5,2233.6,239.4,2016
48,CALIFORNIA,"Rate per 100,000 inhabitants",445.3,4.9,34.9,139.6,265.9,2553,479.8,1623,450.3,2016
59,COLORADO,"Rate per 100,000 inhabitants",342.6,3.7,64.2,63.7,211.1,2740.7,431.4,1955.3,354,2016
67,CONNECTICUT,"Rate per 100,000 inhabitants",227.1,2.2,21.3,75.6,128,1808,280.9,1328.5,198.7,2016
74,DELAWARE,"Rate per 100,000 inhabitants",508.8,5.9,32.4,142.7,327.8,2766,527.6,2078.7,159.7,2016
80,DISTRICT OF COLUMBIA,"Rate per 100,000 inhabitants",1205.9,20.4,78.1,510.9,596.5,4802.9,346.6,4019.8,436.5,2016
90,FLORIDA,"Rate per 100,000 inhabitants",430.3,5.4,36.9,97.9,290.2,2686.8,486.7,1990.8,209.3,2016
101,GEORGIA,"Rate per 100,000 inhabitants",397.6,6.6,34,118.4,238.5,3004.5,614.4,2130.1,259.9,2016
108,HAWAII,"Rate per 100,000 inhabitants",309.2,2.5,43.3,69.6,193.8,2992.7,421.2,2175.8,395.8,2016
117,IDAHO,"Rate per 100,000 inhabitants",230.3,2.9,42.7,12.7,172,1744.2,375.4,1245.4,123.4,2016
128,ILLINOIS,"Rate per 100,000 inhabitants",436.3,8.2,38.3,139.3,250.5,2049,374.9,1518.6,155.5,2016
139,INDIANA,"Rate per 100,000 inhabitants",404.7,6.6,37.7,110.5,249.9,2589.4,514,1853.3,222.1,2016
150,IOWA,"Rate per 100,000 inhabitants",290.6,2.3,39.8,36.6,212,2086,479.5,1447.6,159,2016
161,KANSAS,"Rate per 100,000 inhabitants",380.4,3.8,45.1,57.5,274,2695.5,494.1,1962.9,238.6,2016
169,KENTUCKY,"Rate per 100,000 inhabitants",232.3,5.9,37,75.9,113.5,2189.7,469.6,1497.4,222.8,2016
180,LOUISIANA,"Rate per 100,000 inhabitants",566.1,11.8,38.8,119.1,396.4,3297.7,740.5,2336.3,220.8,2016
188,MAINE,"Rate per 100,000 inhabitants",123.8,1.5,30.9,20,71.3,1645.7,300.6,1286.8,58.2,2016
197,MARYLAND,"Rate per 100,000 inhabitants",472,8,29.2,171,263.8,2284.5,410.4,1677.4,196.7,2016
207,MASSACHUSETTS,"Rate per 100,000 inhabitants",376.9,2,31.2,78.8,265,1561.1,281.8,1161,118.3,2016
218,MICHIGAN,"Rate per 100,000 inhabitants",459,6,71.8,71.7,309.5,1909.9,398.5,1308.1,203.2,2016
226,MINNESOTA,"Rate per 100,000 inhabitants",242.6,1.8,42.5,67.5,130.7,2133.3,337.1,1638.1,158.1,2016
237,MISSISSIPPI,"Rate per 100,000 inhabitants",280.5,8,42.7,80.2,149.6,2768.1,781.4,1842.1,144.7,2016
247,MISSOURI,"Rate per 100,000 inhabitants",519.4,8.8,41.9,107.8,360.8,2799.1,520.4,1978.4,300.3,2016
257,MONTANA,"Rate per 100,000 inhabitants",368.3,3.5,55.4,25.5,283.9,2683.5,377.4,2043,263.1,2016
268,NEBRASKA,"Rate per 100,000 inhabitants",291,2.6,52.1,49.6,186.7,2263.3,337.9,1677.6,247.8,2016
276,NEVADA,"Rate per 100,000 inhabitants",678.1,7.6,58.9,215.6,395.9,2586.6,641.1,1497.1,448.3,2016
287,NEW HAMPSHIRE,"Rate per 100,000 inhabitants",197.6,1.3,43.6,32,120.7,1512.9,222,1225.7,65.3,2016
293,NEW JERSEY,"Rate per 100,000 inhabitants",245,4.2,16.2,100.4,124.2,1544.6,282.7,1135.2,126.6,2016
304,NEW MEXICO,"Rate per 100,000 inhabitants",702.5,6.7,73.3,131.5,491,3937.1,830.4,2542.4,564.3,2016
314,NEW YORK,"Rate per 100,000 inhabitants",376.2,3.2,31.7,113,228.3,1545.6,201.7,1271,72.9,2016
325,NORTH CAROLINA,"Rate per 100,000 inhabitants",372.2,6.7,28.1,92,245.5,2737.5,710.4,1876.2,150.8,2016
334,NORTH DAKOTA,"Rate per 100,000 inhabitants",251.1,2,45.1,23.9,180.1,2295.9,427.9,1608.9,259.1,2016
345,OHIO,"Rate per 100,000 inhabitants",300.3,5.6,48.1,107.8,138.7,2577.5,575.9,1832.3,169.3,2016
356,OKLAHOMA,"Rate per 100,000 inhabitants",449.8,6.2,52,80.6,311,2982.9,741.7,1931.4,309.8,2016
367,OREGON,"Rate per 100,000 inhabitants",264.6,2.8,42,55.6,164.1,2964.4,412,2230,322.3,2016
377,PENNSYLVANIA,"Rate per 100,000 inhabitants",316.4,5.2,34.7,96.4,180.1,1742.7,277.8,1362.8,102.1,2016
383,PUERTO RICO,"Rate per 100,000 inhabitants",224,19.9,5,93.8,105.4,1031.9,241.9,679,111,2016
390,RHODE ISLAND,"Rate per 100,000 inhabitants",238.9,2.7,41.8,51.1,143.2,1898.7,358.6,1389,151.1,2016
401,SOUTH CAROLINA,"Rate per 100,000 inhabitants",501.8,7.4,48.1,81.3,365,3243.8,664.7,2298.5,280.6,2016
412,SOUTH DAKOTA,"Rate per 100,000 inhabitants",418.4,3.1,58.8,31.4,325,1980.6,346.6,1460.4,173.6,2016
420,TENNESSEE,"Rate per 100,000 inhabitants",632.9,7.3,40.8,117.5,467.3,2854.1,606.1,2020.7,227.3,2016
431,TEXAS,"Rate per 100,000 inhabitants",434.4,5.3,48,119.6,261.6,2759.8,533.8,1978.1,247.8,2016
442,UTAH,"Rate per 100,000 inhabitants",242.8,2.4,49.8,50.5,140.1,2951.5,420.7,2223.2,307.7,2016
450,VERMONT,"Rate per 100,000 inhabitants",158.3,2.2,28.5,17,110.6,1697.4,336.7,1315.6,45.1,2016
459,VIRGINIA,"Rate per 100,000 inhabitants",217.6,5.8,32.5,57.1,122.2,1859.4,238,1505.1,116.4,2016
469,WASHINGTON,"Rate per 100,000 inhabitants",302.2,2.7,42.2,77.5,179.7,3494.1,674.8,2376.3,443,2016
480,WEST VIRGINIA,"Rate per 100,000 inhabitants",358.1,4.4,35.9,39.3,278.5,2047.2,507.9,1402.3,137,2016
490,WISCONSIN,"Rate per 100,000 inhabitants",305.9,4,34.2,81.4,186.3,1933.3,336.1,1424.8,172.3,2016
500,WYOMING,"Rate per 100,000 inhabitants",244.2,3.4,35,10.1,195.7,1957.3,302.5,1518.2,136.6,2016
10,ALABAMA,"Rate per 100,000 inhabitants",431.7,8.2,34.3,141.4,247.8,3892.1,953.8,2650,288.3,2005
19,ALASKA,"Rate per 100,000 inhabitants",631.9,4.8,81.1,80.9,465.1,3612.5,622.5,2599.1,391,2005
30,ARIZONA,"Rate per 100,000 inhabitants",513.2,7.5,33.8,144.4,327.4,4838,948.4,2965.2,924.4,2005
41,ARKANSAS,"Rate per 100,000 inhabitants",527.5,6.7,42.9,91.1,386.8,4057.9,1084.6,2711.2,262.1,2005
49,CALIFORNIA,"Rate per 100,000 inhabitants",526.3,6.9,26,176.1,317.3,3322.6,693.3,1916.5,712.8,2005
60,COLORADO,"Rate per 100,000 inhabitants",396.5,3.7,43.4,84.6,264.7,4039.5,744.8,2735.2,559.5,2005
69,CONNECTICUT,"Rate per 100,000 inhabitants",274.5,2.9,20,113,138.6,2558,437.1,1824.1,296.8,2005
77,DELAWARE,"Rate per 100,000 inhabitants",632.1,4.4,44.7,154.8,428.2,3111.4,688.9,2144,278.5,2005
83,DISTRICT OF COLUMBIA,"Rate per 100,000 inhabitants",1459,35.4,30.2,672.1,721.3,4747,649.7,2694.9,1402.3,2005
93,FLORIDA,"Rate per 100,000 inhabitants",708,5,37.1,169.4,496.6,4007.9,926.3,2658.3,423.3,2005
104,GEORGIA,"Rate per 100,000 inhabitants",448.9,6.2,23.6,154.8,264.3,4172.3,931,2751.1,490.2,2005
112,HAWAII,"Rate per 100,000 inhabitants",255.1,1.9,26.9,78.5,147.8,4792.6,767.9,3308.4,716.4,2005
122,IDAHO,"Rate per 100,000 inhabitants",256.8,2.4,40.4,18.6,195.4,2697.9,564.4,1931.7,201.8,2005
124,ILLINOIS,"Rate per 100,000 inhabitants",551.5,6,33.7,181.7,330.2,3080.3,606.9,2164.8,308.6,2005
135,INDIANA,"Rate per 100,000 inhabitants",323.7,5.7,29.6,108.6,179.9,3456.3,697.6,2412,346.7,2005
146,IOWA,"Rate per 100,000 inhabitants",291.3,1.3,27.9,38.9,223.3,2833.7,606.4,2042.7,184.6,2005
157,KANSAS,"Rate per 100,000 inhabitants",387.4,3.7,38.4,65.3,280,3787,689.2,2758.1,339.6,2005
168,KENTUCKY,"Rate per 100,000 inhabitants",266.8,4.6,34,88.4,139.8,2530.5,634,1685.8,210.8,2005
179,LOUISIANA,"Rate per 100,000 inhabitants",594.4,9.9,31.4,118,435.1,3683.1,870.6,2494.5,318.1,2005
189,MAINE,"Rate per 100,000 inhabitants",112.2,1.4,24.7,24.4,61.7,2413.1,478.5,1832.6,102,2005
197,MARYLAND,"Rate per 100,000 inhabitants",703,9.9,22.6,256.7,413.8,3544.1,641.4,2294.3,608.4,2005
207,MASSACHUSETTS,"Rate per 100,000 inhabitants",456.9,2.7,27.1,119,308.1,2363.6,541.1,1527.4,295.1,2005
218,MICHIGAN,"Rate per 100,000 inhabitants",552.1,6.1,51.3,131.8,362.9,3091.1,696.8,1917.8,476.5,2005
228,MINNESOTA,"Rate per 100,000 inhabitants",297,2.2,44,92,158.7,3084.1,578.9,2226.9,278.2,2005
239,MISSISSIPPI,"Rate per 100,000 inhabitants",278.4,7.3,39.3,82.3,149.4,3260.1,919.7,2083.9,256.5,2005
249,MISSOURI,"Rate per 100,000 inhabitants",525.4,6.9,28,124.1,366.4,3927.5,738.3,2746.2,443.1,2005
260,MONTANA,"Rate per 100,000 inhabitants",281.5,1.9,32.2,18.9,228.5,3142.9,389.2,2543,210.7,2005
271,NEBRASKA,"Rate per 100,000 inhabitants",287,2.5,32.9,59.1,192.5,3423.2,532.4,2574.3,316.5,2005
279,NEVADA,"Rate per 100,000 inhabitants",606.8,8.5,42.1,194.7,361.5,4241.5,972.4,2153.9,1115.2,2005
290,NEW HAMPSHIRE,"Rate per 100,000 inhabitants",132,1.4,30.9,27.4,72.3,1796.4,317,1377.3,102.1,2005
296,NEW JERSEY,"Rate per 100,000 inhabitants",354.7,4.8,13.9,151.6,184.4,2333,447.1,1568.4,317.5,2005
307,NEW MEXICO,"Rate per 100,000 inhabitants",702.2,7.4,54.1,98.7,541.9,4148.3,1093.9,2639.9,414.5,2005
318,NEW YORK,"Rate per 100,000 inhabitants",445.8,4.5,18.9,182.7,239.7,2108.5,353.3,1569.6,185.6,2005
329,NORTH CAROLINA,"Rate per 100,000 inhabitants",468.1,6.7,26.5,145.5,289.4,4075.1,1201.1,2546.2,327.8,2005
340,NORTH DAKOTA,"Rate per 100,000 inhabitants",98.2,1.1,24.2,7.4,65.5,1978.2,311.9,1500.3,166,2005
351,OHIO,"Rate per 100,000 inhabitants",351.3,5.1,39.8,163.1,143.4,3662.7,872.8,2429,360.9,2005
359,OKLAHOMA,"Rate per 100,000 inhabitants",508.6,5.3,41.7,91,370.5,4042,1006,2644.2,391.8,2005
370,OREGON,"Rate per 100,000 inhabitants",286.8,2.2,34.8,68.1,181.8,4399.8,758.6,3112.2,529,2005
380,PENNSYLVANIA,"Rate per 100,000 inhabitants",424.5,6.1,28.9,154.6,235,2417.2,451.6,1729.1,236.5,2005
387,PUERTO RICO,"Rate per 100,000 inhabitants",244.9,19.6,4.3,141.9,79.1,1417.8,439.4,740.7,237.7,2005
394,RHODE ISLAND,"Rate per 100,000 inhabitants",251.2,3.2,29.8,72.1,146.1,2718.9,494.2,1816,408.7,2005
404,SOUTH CAROLINA,"Rate per 100,000 inhabitants",761.1,7.4,42.5,132.1,579,4339.4,1000.9,2954.1,384.4,2005
415,SOUTH DAKOTA,"Rate per 100,000 inhabitants",175.7,2.3,46.7,18.6,108.1,1776.4,324.4,1343.7,108.4,2005
423,TENNESSEE,"Rate per 100,000 inhabitants",752.8,7.2,36.4,167.3,541.9,4275.5,1026.9,2828.1,420.6,2005
433,TEXAS,"Rate per 100,000 inhabitants",529.7,6.2,37.2,156.6,329.8,4332,961.6,2961.7,408.7,2005
444,UTAH,"Rate per 100,000 inhabitants",227.2,2.3,37.3,44.3,143.4,3868.9,606.2,2918.8,343.9,2005
454,VERMONT,"Rate per 100,000 inhabitants",119.7,1.3,23.3,11.7,83.5,2280.7,491.8,1686.1,102.9,2005
465,VIRGINIA,"Rate per 100,000 inhabitants",282.8,6.1,22.7,99.2,154.8,2638.2,392.1,2035,211.1,2005
475,WASHINGTON,"Rate per 100,000 inhabitants",345.8,3.3,44.7,92.1,205.8,4893,959.7,3149.5,783.9,2005
486,WEST VIRGINIA,"Rate per 100,000 inhabitants",272.8,4.4,17.7,44.6,206.1,2625.2,621.2,1794,210,2005
496,WISCONSIN,"Rate per 100,000 inhabitants",241.5,3.5,20.6,82.2,135.2,2660.2,440.8,1992.8,226.6,2005
505,WYOMING,"Rate per 100,000 inhabitants",230.1,2.7,24,15.3,188.1,3155.3,476.3,2533.9,145.1,2005
10,ALABAMA,"Rate per 100,000 inhabitants",425.2,8.3,35.9,153.5,227.6,3936.1,969.1,2644.3,322.7,2006
20,ALASKA,"Rate per 100,000 inhabitants",688,5.4,76,90.3,516.4,3604.9,617.3,2610.2,377.4,2006
31,ARIZONA,"Rate per 100,000 inhabitants",501.4,7.5,31.5,149.6,312.7,4627.9,925.3,2813.1,889.5,2006
42,ARKANSAS,"Rate per 100,000 inhabitants",551.6,7.3,46.5,98.4,399.4,3967.5,1139.9,2562.1,265.5,2006
50,CALIFORNIA,"Rate per 100,000 inhabitants",532.5,6.8,25.3,194.7,305.7,3170.9,676,1829.1,665.7,2006
61,COLORADO,"Rate per 100,000 inhabitants",391.6,3.3,43.7,80.7,264,3451.3,682.1,2331.8,437.5,2006
70,CONNECTICUT,"Rate per 100,000 inhabitants",280.8,3.1,18.1,121,138.6,2504.1,419.3,1788.4,296.4,2006
78,DELAWARE,"Rate per 100,000 inhabitants",681.6,4.9,46.9,203.3,426.5,3417.9,725.2,2362.8,329.9,2006
84,DISTRICT OF COLUMBIA,"Rate per 100,000 inhabitants",1508.4,29.1,31.8,658.4,789.1,4653.8,659.5,2735.4,1258.9,2006
94,FLORIDA,"Rate per 100,000 inhabitants",712,6.2,35.8,188.8,481.2,3986.1,944.6,2619,422.5,2006
105,GEORGIA,"Rate per 100,000 inhabitants",471,6.4,23.2,165.6,275.8,3889.2,909,2519.3,460.9,2006
112,HAWAII,"Rate per 100,000 inhabitants",281.2,1.6,27.6,88.9,163,4230.4,677.5,2949.1,603.9,2006
123,IDAHO,"Rate per 100,000 inhabitants",247.2,2.5,40,20.5,184.2,2418.8,513.2,1740,165.6,2006
125,ILLINOIS,"Rate per 100,000 inhabitants",541.6,6.1,31.8,185.3,318.4,3019.6,602.1,2124.2,293.3,2006
136,INDIANA,"Rate per 100,000 inhabitants",314.8,5.8,29.1,114.7,165.2,3502.4,731.3,2424.8,346.3,2006
147,IOWA,"Rate per 100,000 inhabitants",283.5,1.8,27.8,43.5,210.4,2802.7,604.2,2030.7,167.9,2006
158,KANSAS,"Rate per 100,000 inhabitants",425,4.6,44.8,67.9,307.7,3750.2,723.3,2712,314.9,2006
169,KENTUCKY,"Rate per 100,000 inhabitants",263,4,30.8,86.2,142,2544.5,644.8,1679.9,219.8,2006
180,LOUISIANA,"Rate per 100,000 inhabitants",697.8,12.4,36.4,133.6,515.4,3993.7,1049.2,2579.7,364.8,2006
188,MAINE,"Rate per 100,000 inhabitants",115.5,1.7,25.7,29.1,59,2518.7,512.9,1904.3,101.4,2006
196,MARYLAND,"Rate per 100,000 inhabitants",678.6,9.7,21,256,392,3480.9,667,2270.4,543.5,2006
206,MASSACHUSETTS,"Rate per 100,000 inhabitants",447,2.9,27.1,125,292.1,2391,546.5,1565.4,279,2006
217,MICHIGAN,"Rate per 100,000 inhabitants",562.4,7.1,52.2,140.7,362.4,3212.8,753.9,1963.5,495.4,2006
228,MINNESOTA,"Rate per 100,000 inhabitants",312,2.4,31.8,105.1,172.6,3079.5,583.9,2236.6,258.9,2006
239,MISSISSIPPI,"Rate per 100,000 inhabitants",298.6,7.7,34.4,107.1,149.5,3208.8,935.9,1986.1,286.8,2006
248,MISSOURI,"Rate per 100,000 inhabitants",545.6,6.3,30.2,129.9,379.3,3826.5,764.1,2627,435.3,2006
259,MONTANA,"Rate per 100,000 inhabitants",253.7,1.8,28.5,17.4,206.1,2687.5,310.7,2191.8,185,2006
270,NEBRASKA,"Rate per 100,000 inhabitants",281.8,2.8,31,63.8,184.1,3340.7,534.5,2521.3,284.9,2006
278,NEVADA,"Rate per 100,000 inhabitants",741.6,9,43.2,281.6,407.8,4088.8,994.6,2013.8,1080.4,2006
289,NEW HAMPSHIRE,"Rate per 100,000 inhabitants",138.7,1,26.2,32.2,79.4,1874.1,331.4,1434.5,108.1,2006
295,NEW JERSEY,"Rate per 100,000 inhabitants",351.6,4.9,14.2,153.1,179.4,2291.9,452,1556.5,283.4,2006
306,NEW MEXICO,"Rate per 100,000 inhabitants",643.2,6.8,56,107.7,472.8,3937.2,1069.7,2395.5,472,2006
316,NEW YORK,"Rate per 100,000 inhabitants",434.9,4.8,16.4,178.6,235.1,2052.7,355.1,1531.1,166.4,2006
327,NORTH CAROLINA,"Rate per 100,000 inhabitants",475.6,6.1,28.2,152.2,289.1,4120.8,1212.7,2567.9,340.2,2006
338,NORTH DAKOTA,"Rate per 100,000 inhabitants",127.9,1.3,30.4,11.3,84.9,2000.3,376.3,1464.8,159.2,2006
349,OHIO,"Rate per 100,000 inhabitants",350.3,4.7,39.6,166.8,139.2,3678.6,909.8,2442.8,326.1,2006
357,OKLAHOMA,"Rate per 100,000 inhabitants",497.4,5.8,41.6,87.5,362.5,3604.2,960.5,2270.5,373.2,2006
368,OREGON,"Rate per 100,000 inhabitants",280.3,2.3,32.3,72.7,173,3672.1,645.2,2636.1,390.7,2006
378,PENNSYLVANIA,"Rate per 100,000 inhabitants",439.4,5.9,27.3,168.6,237.6,2443.5,463.2,1742.9,237.4,2006
384,PUERTO RICO,"Rate per 100,000 inhabitants",227.3,18.8,3,133.5,72,1354.4,424.4,711.2,218.8,2006
391,RHODE ISLAND,"Rate per 100,000 inhabitants",227.5,2.6,26.7,68.8,129.4,2586.9,507.2,1744.2,335.5,2006
401,SOUTH CAROLINA,"Rate per 100,000 inhabitants",765.5,8.3,40.8,136.5,579.9,4242.3,989.8,2873,379.6,2006
412,SOUTH DAKOTA,"Rate per 100,000 inhabitants",171.4,1.2,43,15.2,112,1619.6,338.9,1188.9,91.8,2006
421,TENNESSEE,"Rate per 100,000 inhabitants",760.2,6.8,35.5,184.3,533.7,4128.3,1040.9,2713.2,374.1,2006
431,TEXAS,"Rate per 100,000 inhabitants",516.3,5.9,35.6,158.5,316.4,4081.5,917.3,2758.2,405.9,2006
442,UTAH,"Rate per 100,000 inhabitants",224.4,1.8,34.1,48.8,139.7,3516.4,576.5,2614.5,325.4,2006
451,VERMONT,"Rate per 100,000 inhabitants",136.6,1.9,24,17.6,93,2304.7,528.9,1681.8,93.9,2006
461,VIRGINIA,"Rate per 100,000 inhabitants",282.2,5.2,23.4,101.4,152.1,2478.2,417.6,1866.8,193.8,2006
471,WASHINGTON,"Rate per 100,000 inhabitants",345.9,3,42.9,100.1,199.8,4480,911.6,2850.7,717.6,2006
482,WEST VIRGINIA,"Rate per 100,000 inhabitants",279.7,4.1,21.4,46.9,207.3,2621.5,634.1,1771.8,215.6,2006
490,WISCONSIN,"Rate per 100,000 inhabitants",284,3,20.4,100.2,160.6,2817.8,485.8,2079.5,252.5,2006
500,WYOMING,"Rate per 100,000 inhabitants",239.6,1.7,27.2,14,196.7,2980.6,450.5,2379.4,150.7,2006
10,ALABAMA,"Rate per 100,000 inhabitants",448,8.9,33.4,159.9,245.8,3971.6,979.5,2684.6,307.5,2007
19,ALASKA,"Rate per 100,000 inhabitants",661.2,6.4,77.4,85.3,492,3379.5,538.7,2487,353.8,2007
30,ARIZONA,"Rate per 100,000 inhabitants",482.7,7.4,29.3,151.7,294.3,4414,912.2,2738.4,763.4,2007
41,ARKANSAS,"Rate per 100,000 inhabitants",529.4,6.7,44.7,106.7,371.2,3953.1,1131.4,2574.4,247.3,2007
49,CALIFORNIA,"Rate per 100,000 inhabitants",522.6,6.2,24.7,193,298.8,3033,648.4,1784.4,600.2,2007
60,COLORADO,"Rate per 100,000 inhabitants",347.8,3.1,41.1,71,232.5,3006.1,591.4,2069.3,345.4,2007
68,CONNECTICUT,"Rate per 100,000 inhabitants",256,3,18.8,103,131.2,2399.9,432.9,1705.2,261.7,2007
77,DELAWARE,"Rate per 100,000 inhabitants",689.2,4.3,38.9,197.3,448.8,3370.1,733.3,2369,267.8,2007
83,DISTRICT OF COLUMBIA,"Rate per 100,000 inhabitants",1414.3,30.8,32.6,724.3,626.6,4913.9,667.4,2954.7,1291.9,2007
94,FLORIDA,"Rate per 100,000 inhabitants",722.6,6.6,33.7,209.1,473.2,4089.3,996.3,2689.4,403.6,2007
105,GEORGIA,"Rate per 100,000 inhabitants",493.2,7.5,22.8,181.7,281.2,3901,950.2,2504.6,446.3,2007
112,HAWAII,"Rate per 100,000 inhabitants",272.8,1.7,25.4,86.1,159.6,4225.4,708.8,2993.3,523.2,2007
121,IDAHO,"Rate per 100,000 inhabitants",239.4,3.3,38.5,15.5,182,2246.6,465.3,1632.8,148.5,2007
123,ILLINOIS,"Rate per 100,000 inhabitants",533.2,5.9,31.9,179.7,315.7,2935.8,587.6,2084.5,263.7,2007
134,INDIANA,"Rate per 100,000 inhabitants",333.6,5.6,27.5,124.1,176.4,3396.6,739.4,2349,308.2,2007
145,IOWA,"Rate per 100,000 inhabitants",294.7,1.2,30.3,43.9,219.2,2615.6,567,1885.1,163.5,2007
156,KANSAS,"Rate per 100,000 inhabitants",452.7,3.9,44.3,72.6,331.8,3678.7,729.9,2640.2,308.5,2007
167,KENTUCKY,"Rate per 100,000 inhabitants",295,4.8,32.6,95.9,161.7,2518.3,652.7,1661.1,204.5,2007
178,LOUISIANA,"Rate per 100,000 inhabitants",729.5,14.2,32.4,141.7,541.2,4076,1038.9,2683.5,353.6,2007
186,MAINE,"Rate per 100,000 inhabitants",118,1.6,29.7,26.5,60.2,2428.8,506.8,1826.4,95.6,2007
194,MARYLAND,"Rate per 100,000 inhabitants",641.9,9.8,21,236,375.1,3431.5,660.2,2265.9,505.4,2007
204,MASSACHUSETTS,"Rate per 100,000 inhabitants",431.5,2.9,25.3,108.6,294.7,2391.5,552.9,1606.1,232.4,2007
215,MICHIGAN,"Rate per 100,000 inhabitants",536,6.7,45.5,133.2,350.7,3065.7,748.9,1898.3,418.5,2007
226,MINNESOTA,"Rate per 100,000 inhabitants",288.7,2.2,36,91.8,158.6,3036.6,570.8,2224.7,241,2007
237,MISSISSIPPI,"Rate per 100,000 inhabitants",291.3,7.1,35.6,98.2,150.3,3200.8,957.9,1990,252.9,2007
247,MISSOURI,"Rate per 100,000 inhabitants",504.9,6.5,29.2,121.9,347.3,3738.4,739.1,2594.7,404.6,2007
258,MONTANA,"Rate per 100,000 inhabitants",287.5,1.5,30.3,19.9,235.8,2765.4,316,2266.2,183.2,2007
268,NEBRASKA,"Rate per 100,000 inhabitants",302.4,3.8,29.7,62.4,206.5,3161.4,509.8,2358.6,293.1,2007
276,NEVADA,"Rate per 100,000 inhabitants",750.6,7.5,42.7,270.2,430.2,3777.8,968.3,1939.1,870.5,2007
287,NEW HAMPSHIRE,"Rate per 100,000 inhabitants",137.3,1.1,25.3,32.8,78,1892,378.9,1414.4,98.7,2007
293,NEW JERSEY,"Rate per 100,000 inhabitants",329.3,4.4,12.1,144.5,168.3,2213.1,431.5,1528.8,252.7,2007
304,NEW MEXICO,"Rate per 100,000 inhabitants",664.2,8.2,52.4,117.8,485.8,3725.7,964.1,2307.9,453.8,2007
314,NEW YORK,"Rate per 100,000 inhabitants",414.1,4.2,15.2,161.1,233.7,1978.6,336.1,1497.2,145.3,2007
325,NORTH CAROLINA,"Rate per 100,000 inhabitants",466.4,6.5,26.3,149.5,284.1,4087.3,1200.7,2577.9,308.6,2007
336,NORTH DAKOTA,"Rate per 100,000 inhabitants",142.4,1.9,32.4,10.9,97.2,1889.6,338.3,1408.4,142.9,2007
347,OHIO,"Rate per 100,000 inhabitants",343.2,4.5,38.8,159.2,140.7,3455.2,859.1,2301.6,294.6,2007
355,OKLAHOMA,"Rate per 100,000 inhabitants",499.6,6.1,43.1,93.2,357.1,3526.4,943.3,2211.1,372.1,2007
366,OREGON,"Rate per 100,000 inhabitants",287.6,1.9,33.5,76.4,175.8,3526.2,609,2529,388.2,2007
376,PENNSYLVANIA,"Rate per 100,000 inhabitants",416.5,5.8,27.7,156.5,226.4,2361.3,450.6,1697.9,212.8,2007
382,PUERTO RICO,"Rate per 100,000 inhabitants",226.9,18.5,2.5,130.3,75.7,1368.5,435.4,734.6,198.5,2007
389,RHODE ISLAND,"Rate per 100,000 inhabitants",227.3,1.8,24.2,71,130.3,2622.6,495,1822.7,305,2007
397,SOUTH CAROLINA,"Rate per 100,000 inhabitants",788.3,8,39.5,144,596.9,4271.7,1025.8,2859.6,386.3,2007
408,SOUTH DAKOTA,"Rate per 100,000 inhabitants",169.2,2.1,38.7,14.1,114.3,1652.3,298.7,1261.3,92.3,2007
416,TENNESSEE,"Rate per 100,000 inhabitants",753.3,6.4,35.3,179,532.5,4088.6,1002.4,2734.4,351.8,2007
426,TEXAS,"Rate per 100,000 inhabitants",510.6,5.9,35.3,162.2,307.2,4121.2,955.1,2773.3,392.8,2007
437,UTAH,"Rate per 100,000 inhabitants",234.8,2.2,34.3,53.7,144.6,3500.3,587.5,2579.7,333.1,2007
446,VERMONT,"Rate per 100,000 inhabitants",124.3,1.9,19.8,12.9,89.7,2322.7,500,1719.6,103.2,2007
455,VIRGINIA,"Rate per 100,000 inhabitants",269.7,5.3,22.6,99.2,142.6,2466.4,410.9,1873.3,182.2,2007
464,WASHINGTON,"Rate per 100,000 inhabitants",333.1,2.7,40.6,93.6,196.2,4030.8,814.8,2634.4,581.6,2007
475,WEST VIRGINIA,"Rate per 100,000 inhabitants",275.2,3.5,20.4,47,204.3,2525,596.8,1735.5,192.7,2007
485,WISCONSIN,"Rate per 100,000 inhabitants",290.9,3.3,21.8,97.7,168.1,2837.7,497,2100.9,239.8,2007
494,WYOMING,"Rate per 100,000 inhabitants",239.3,3.1,30.6,16.1,189.5,2865.9,449.1,2264.6,152.2,2007
10,ALABAMA,"Rate per 100,000 inhabitants",452.8,7.6,34.7,157.6,253,4082.9,1081.3,2713,288.7,2008
19,ALASKA,"Rate per 100,000 inhabitants",651.9,4.1,64.3,94,489.6,2932.3,472.1,2221.5,238.7,2008
29,ARIZONA,"Rate per 100,000 inhabitants",447,6.3,25.7,149.2,265.9,4291,868.9,2849.5,572.6,2008
40,ARKANSAS,"Rate per 100,000 inhabitants",503.4,5.7,48.9,95.8,353.1,3835.1,1180,2427.1,228,2008
48,CALIFORNIA,"Rate per 100,000 inhabitants",503.8,5.8,24.2,188.8,285,2940.3,647.1,1769.4,523.8,2008
59,COLORADO,"Rate per 100,000 inhabitants",343.1,3.2,42.5,68.1,229.3,2849,572,2003.3,273.7,2008
67,CONNECTICUT,"Rate per 100,000 inhabitants",297.8,3.5,19.3,111.6,163.5,2458.7,428.7,1774,256,2008
75,DELAWARE,"Rate per 100,000 inhabitants",703.4,6.5,41.9,210.5,444.4,3585.3,774.3,2520,291,2008
81,DISTRICT OF COLUMBIA,"Rate per 100,000 inhabitants",1437.7,31.4,31.4,748.5,626.4,5104.6,640,3372.2,1092.4,2008
92,FLORIDA,"Rate per 100,000 inhabitants",688.9,6.4,32.6,197.9,452,4140.8,1028.3,2766,346.5,2008
103,GEORGIA,"Rate per 100,000 inhabitants",478.9,6.6,22.7,179.2,270.5,4015.5,1038.9,2567.5,409.1,2008
110,HAWAII,"Rate per 100,000 inhabitants",272.6,1.9,28.3,84.3,158.1,3571.2,728.1,2444.7,398.5,2008
120,IDAHO,"Rate per 100,000 inhabitants",228.6,1.5,36.2,15.8,175.1,2101.2,439.8,1552,109.5,2008
122,ILLINOIS,"Rate per 100,000 inhabitants",525.4,6.1,31.9,186.4,300.9,2932.6,612.1,2068.1,252.5,2008
133,INDIANA,"Rate per 100,000 inhabitants",333.8,5.1,27,118.1,183.5,3335.8,762.8,2299.2,273.7,2008
144,IOWA,"Rate per 100,000 inhabitants",283.8,2.5,29.6,41.6,210.1,2420.9,547.9,1728.8,144.3,2008
155,KANSAS,"Rate per 100,000 inhabitants",410.6,4,42.5,60.1,304,3377.2,699.9,2413.4,263.9,2008
166,KENTUCKY,"Rate per 100,000 inhabitants",296.2,4.6,33,93.8,164.8,2583.9,675.5,1728.8,179.6,2008
177,LOUISIANA,"Rate per 100,000 inhabitants",656.2,11.9,27.9,135.9,480.4,3823.1,982.1,2529.4,311.6,2008
185,MAINE,"Rate per 100,000 inhabitants",117.5,2.4,28.5,25.3,61.4,2452.4,495.4,1867.7,89.3,2008
193,MARYLAND,"Rate per 100,000 inhabitants",628.2,8.8,20,234.4,365.1,3517.6,689.6,2378.3,449.7,2008
202,MASSACHUSETTS,"Rate per 100,000 inhabitants",449,2.6,26.7,108.8,310.9,2400.1,555.5,1648.6,196,2008
213,MICHIGAN,"Rate per 100,000 inhabitants",501.5,5.4,45,129.6,321.5,2934.8,741.5,1831.1,362.3,2008
224,MINNESOTA,"Rate per 100,000 inhabitants",262.8,2.1,34.6,80,146.1,2850.6,505.9,2151.6,193.1,2008
235,MISSISSIPPI,"Rate per 100,000 inhabitants",284.9,8.1,30.3,102.6,143.9,2940.4,885.6,1838.7,216.2,2008
246,MISSOURI,"Rate per 100,000 inhabitants",504.4,7.7,27.3,125,344.4,3663.7,774.5,2537.9,351.3,2008
256,MONTANA,"Rate per 100,000 inhabitants",258.1,2.4,30.4,17.8,207.6,2603,344.4,2095.9,162.6,2008
267,NEBRASKA,"Rate per 100,000 inhabitants",303.7,3.8,32.7,72.8,194.3,2878.6,492,2151.8,234.8,2008
275,NEVADA,"Rate per 100,000 inhabitants",724.5,6.3,42.4,248.9,426.9,3447.5,929,1906.8,611.6,2008
285,NEW HAMPSHIRE,"Rate per 100,000 inhabitants",157.2,1,29.7,31.8,94.7,2091.9,325.7,1660.8,105.4,2008
292,NEW JERSEY,"Rate per 100,000 inhabitants",326.5,4.3,12.9,146.3,163,2293.4,465.3,1595.7,232.4,2008
303,NEW MEXICO,"Rate per 100,000 inhabitants",649.9,7.2,57.4,109.5,475.9,3909.2,1094.2,2411.6,403.4,2008
314,NEW YORK,"Rate per 100,000 inhabitants",398.1,4.3,14.4,163,216.4,1993.5,337.3,1527.3,128.9,2008
325,NORTH CAROLINA,"Rate per 100,000 inhabitants",467.3,6.5,24.8,155.4,280.6,4044.1,1210.1,2544,290,2008
336,NORTH DAKOTA,"Rate per 100,000 inhabitants",166.5,0.5,36.2,11.2,118.6,1894.4,328.3,1428.6,137.5,2008
347,OHIO,"Rate per 100,000 inhabitants",348.2,4.7,38.5,163,142.1,3411.7,892.8,2270.5,248.4,2008
357,OKLAHOMA,"Rate per 100,000 inhabitants",526.7,5.8,40.2,101.1,379.5,3442.4,963.1,2180.5,298.7,2008
368,OREGON,"Rate per 100,000 inhabitants",257.2,2.2,30.5,69.7,154.8,3282.2,550.9,2432.3,299,2008
378,PENNSYLVANIA,"Rate per 100,000 inhabitants",410,5.6,27.9,151.6,224.8,2410.2,470.9,1758.8,180.5,2008
384,PUERTO RICO,"Rate per 100,000 inhabitants",239.9,20.4,2.4,138.3,78.8,1498.6,484,837.4,177.1,2008
391,RHODE ISLAND,"Rate per 100,000 inhabitants",249.4,2.8,26.4,83.7,136.7,2840.6,547.2,1988.9,304.5,2008
401,SOUTH CAROLINA,"Rate per 100,000 inhabitants",729.7,6.8,36.6,147.3,539.1,4234.2,1026.1,2814.1,394,2008
412,SOUTH DAKOTA,"Rate per 100,000 inhabitants",201.4,3.2,53.7,14.9,129.6,1645.6,302.2,1244,99.5,2008
420,TENNESSEE,"Rate per 100,000 inhabitants",722.4,6.6,33.2,173.8,508.9,4042.6,1046,2687.3,309.3,2008
430,TEXAS,"Rate per 100,000 inhabitants",507.9,5.6,32.9,155.2,314.1,3985.6,946,2688.8,350.8,2008
441,UTAH,"Rate per 100,000 inhabitants",221.8,1.4,32.6,51.9,135.8,3357.4,536.5,2557.9,262.9,2008
450,VERMONT,"Rate per 100,000 inhabitants",135.9,2.7,20.4,14.3,98.3,2538.5,557.2,1887.1,94.2,2008
459,VIRGINIA,"Rate per 100,000 inhabitants",255.9,4.7,22.6,95.7,132.8,2518.1,411.8,1935.6,170.7,2008
469,WASHINGTON,"Rate per 100,000 inhabitants",331.2,2.9,40.1,96.9,191.2,3758.4,801.3,2524.6,432.6,2008
480,WEST VIRGINIA,"Rate per 100,000 inhabitants",273.8,3.3,20,49,201.5,2568.6,609.9,1782.2,176.6,2008
489,WISCONSIN,"Rate per 100,000 inhabitants",274,2.6,19.9,91.1,160.4,2756.4,488.3,2063.4,204.7,2008
498,WYOMING,"Rate per 100,000 inhabitants",232,1.9,33.8,16.1,180.2,2717.3,410,2173.4,133.9,2008
10,ALABAMA,"Rate per 100,000 inhabitants",449.8,6.9,31.9,132.9,278.1,3772.4,1037.2,2499.9,235.3,2009
19,ALASKA,"Rate per 100,000 inhabitants",633,3.1,73.3,93.8,462.7,2946,515,2189.2,241.8,2009
29,ARIZONA,"Rate per 100,000 inhabitants",408.3,5.4,32,122.8,248.1,3556.5,809.8,2352.8,394,2009
40,ARKANSAS,"Rate per 100,000 inhabitants",517.7,6.2,47.3,89.4,374.8,3773.7,1203.1,2359.3,211.2,2009
48,CALIFORNIA,"Rate per 100,000 inhabitants",472,5.3,23.6,173.4,269.7,2731.5,622.6,1665.1,443.8,2009
59,COLORADO,"Rate per 100,000 inhabitants",337.8,3.5,44.6,67.4,222.3,2666.2,530.4,1887.9,247.9,2009
67,CONNECTICUT,"Rate per 100,000 inhabitants",298.7,3,18.5,113.4,163.7,2335.8,428.4,1694.9,212.5,2009
76,DELAWARE,"Rate per 100,000 inhabitants",636.6,4.6,38.2,188.8,405,3349.6,783.2,2351,215.5,2009
82,DISTRICT OF COLUMBIA,"Rate per 100,000 inhabitants",1345.9,24,25,731.9,565,4745.4,616.4,3206.5,922.5,2009
93,FLORIDA,"Rate per 100,000 inhabitants",612.5,5.5,29.7,166.7,410.6,3840.8,981.1,2588.6,271.1,2009
104,GEORGIA,"Rate per 100,000 inhabitants",426.1,5.8,23.4,148.6,248.3,3666.6,1000.7,2328.7,337.2,2009
111,HAWAII,"Rate per 100,000 inhabitants",274.8,1.7,30.3,79.8,163,3661.2,708.6,2580.5,372.1,2009
121,IDAHO,"Rate per 100,000 inhabitants",228.4,1.4,35.7,15.8,175.4,1988.7,424.2,1471.1,93.3,2009
123,ILLINOIS,"Rate per 100,000 inhabitants",497.2,6,30.2,177.6,283.4,2736.9,603,1927.3,206.6,2009
134,INDIANA,"Rate per 100,000 inhabitants",333.2,4.8,25.5,114.5,188.4,3116.2,761.5,2138.7,216.1,2009
145,IOWA,"Rate per 100,000 inhabitants",279.2,1.1,28.4,39.7,210,2308.7,539.4,1640,129.3,2009
156,KANSAS,"Rate per 100,000 inhabitants",400.1,4.2,38.9,63.4,293.6,3207.8,690.7,2305.9,211.2,2009
167,KENTUCKY,"Rate per 100,000 inhabitants",258.7,4.1,35,84.1,135.4,2512.7,688.5,1683.3,140.9,2009
177,LOUISIANA,"Rate per 100,000 inhabitants",620,11.8,30.3,135.9,442,3794.6,1029.5,2504.3,260.8,2009
185,MAINE,"Rate per 100,000 inhabitants",119.8,2,28.5,30.3,59,2403.5,510.4,1815.7,77.4,2009
193,MARYLAND,"Rate per 100,000 inhabitants",589.9,7.7,20.3,210.7,351.3,3200.7,649.7,2206.7,344.2,2009
203,MASSACHUSETTS,"Rate per 100,000 inhabitants",457.1,2.6,25.8,112.6,316,2304,525.7,1600.3,178,2009
214,MICHIGAN,"Rate per 100,000 inhabitants",497,6.3,45.3,123.7,321.7,2837.8,760.5,1782.6,294.7,2009
225,MINNESOTA,"Rate per 100,000 inhabitants",243.9,1.4,34,68.7,139.8,2641,484,1995.3,161.8,2009
236,MISSISSIPPI,"Rate per 100,000 inhabitants",281.3,6.4,31.8,100.4,142.6,2953.3,987.9,1782.5,183,2009
246,MISSOURI,"Rate per 100,000 inhabitants",491.8,6.4,26.8,124.5,334.1,3385.3,731.3,2362.1,291.9,2009
256,MONTANA,"Rate per 100,000 inhabitants",253.6,2.9,30.2,22.2,198.5,2464,347.3,1967.4,149.3,2009
267,NEBRASKA,"Rate per 100,000 inhabitants",281.6,2.2,33.1,67.8,178.4,2761.5,484.3,2083.5,193.8,2009
275,NEVADA,"Rate per 100,000 inhabitants",702.2,5.9,38.6,227.8,429.8,3055.6,832.1,1755.1,468.4,2009
286,NEW HAMPSHIRE,"Rate per 100,000 inhabitants",159.6,0.8,30.2,34.4,94.3,2161,372,1704.1,84.9,2009
293,NEW JERSEY,"Rate per 100,000 inhabitants",311.5,3.7,12,133.7,162.2,2079.7,427.9,1473.7,178.1,2009
304,NEW MEXICO,"Rate per 100,000 inhabitants",619,8.7,52.6,93.1,464.7,3735.8,1095.8,2317.8,322.2,2009
314,NEW YORK,"Rate per 100,000 inhabitants",384.7,4,13.2,144,223.5,1936,321.6,1502.5,111.9,2009
325,NORTH CAROLINA,"Rate per 100,000 inhabitants",404.3,5.3,24.6,126.1,248.4,3668.1,1149.5,2305.2,213.5,2009
335,NORTH DAKOTA,"Rate per 100,000 inhabitants",200.7,1.5,34.8,16.2,148.1,1932.8,363.9,1437.1,131.7,2009
346,OHIO,"Rate per 100,000 inhabitants",332.1,4.5,34.8,154.1,138.7,3270.9,902.9,2169.8,198.3,2009
356,OKLAHOMA,"Rate per 100,000 inhabitants",501.1,6.2,41.5,90.7,362.7,3573.8,1030,2261.7,282.2,2009
365,OREGON,"Rate per 100,000 inhabitants",254.7,2.2,30.5,64.3,157.6,2967.1,506.5,2202.6,258,2009
375,PENNSYLVANIA,"Rate per 100,000 inhabitants",380.5,5.2,29,138.9,207.4,2201.6,434.7,1625.5,141.4,2009
381,PUERTO RICO,"Rate per 100,000 inhabitants",264.5,22.5,1.6,153.6,86.7,1410,466.8,770.9,172.2,2009
388,RHODE ISLAND,"Rate per 100,000 inhabitants",252.6,2.9,27.3,74.6,147.7,2610.8,545.9,1837.7,227.2,2009
398,SOUTH CAROLINA,"Rate per 100,000 inhabitants",670.8,6.3,35.3,125.7,503.4,3888.6,992.8,2598.4,297.4,2009
409,SOUTH DAKOTA,"Rate per 100,000 inhabitants",185.6,2.6,54.8,13.7,114.6,1719.4,305.2,1314.2,100.1,2009
417,TENNESSEE,"Rate per 100,000 inhabitants",667.7,7.3,31.7,153.2,475.5,3754.1,1010.9,2505.4,237.8,2009
427,TEXAS,"Rate per 100,000 inhabitants",490.9,5.4,33.4,153.5,298.7,4015.5,969.4,2737.2,308.9,2009
438,UTAH,"Rate per 100,000 inhabitants",212.7,1.3,32.5,46.6,132.3,3275.4,544.4,2483,247.9,2009
447,VERMONT,"Rate per 100,000 inhabitants",131.4,1.1,19.9,17.9,92.5,2401.4,555.2,1774.2,72.1,2009
455,VIRGINIA,"Rate per 100,000 inhabitants",226.8,4.4,19.2,79.4,123.9,2428.8,400.6,1883.4,144.9,2009
464,WASHINGTON,"Rate per 100,000 inhabitants",331,2.7,38.1,100.5,189.7,3666.9,792.2,2519.4,355.3,2009
475,WEST VIRGINIA,"Rate per 100,000 inhabitants",296.5,4.6,23.8,50.4,217.7,2526.7,656.7,1719.4,150.6,2009
485,WISCONSIN,"Rate per 100,000 inhabitants",257,2.5,19.6,85.8,149.1,2608.2,472.9,1977.4,157.8,2009
494,WYOMING,"Rate per 100,000 inhabitants",228.2,2.4,33.8,14.1,177.9,2637.3,409.7,2085.9,141.7,2009
10,ALABAMA,"Rate per 100,000 inhabitants",377.8,5.7,28.2,99.6,244.2,3516.8,879.4,2415.6,221.8,2010
19,ALASKA,"Rate per 100,000 inhabitants",638.8,4.4,75,83.6,475.8,2852.5,437.2,2187.3,228,2010
30,ARIZONA,"Rate per 100,000 inhabitants",408.1,6.4,33.9,108.5,259.3,3534,794.3,2403.2,336.5,2010
41,ARKANSAS,"Rate per 100,000 inhabitants",505.3,4.7,45,81.3,374.3,3558.9,1114.9,2253.8,190.1,2010
49,CALIFORNIA,"Rate per 100,000 inhabitants",440.6,4.9,22.4,156,257.4,2635.8,614.3,1612.1,409.4,2010
60,COLORADO,"Rate per 100,000 inhabitants",320.8,2.4,43.7,62.3,212.4,2684.2,520,1940.5,223.6,2010
68,CONNECTICUT,"Rate per 100,000 inhabitants",281.4,3.6,16.3,99.4,162,2193.2,424.5,1581,187.7,2010
76,DELAWARE,"Rate per 100,000 inhabitants",620.9,5.3,34.7,203.7,377.1,3448.2,836.9,2396.5,214.8,2010
82,DISTRICT OF COLUMBIA,"Rate per 100,000 inhabitants",1330.2,21.9,31.1,718.8,558.4,4778.9,703.1,3238.9,836.9,2010
92,FLORIDA,"Rate per 100,000 inhabitants",542.4,5.2,28.6,138.7,369.8,3558.4,899.5,2438.4,220.5,2010
103,GEORGIA,"Rate per 100,000 inhabitants",403.3,5.8,21.6,127.7,248.2,3640.5,998.4,2329.3,312.8,2010
110,HAWAII,"Rate per 100,000 inhabitants",262.7,1.8,26.8,77.5,156.7,3314.2,636.8,2302.4,374.9,2010
121,IDAHO,"Rate per 100,000 inhabitants",221,1.3,33.5,13.7,172.6,1995.8,414.8,1496.7,84.3,2010
132,ILLINOIS,"Rate per 100,000 inhabitants",435.2,5.5,23.6,156.3,249.7,2681,587.6,1868.9,224.4,2010
143,INDIANA,"Rate per 100,000 inhabitants",314.5,4.5,27.2,95.9,186.9,3042.4,726.7,2113.4,202.3,2010
154,IOWA,"Rate per 100,000 inhabitants",273.5,1.3,27.4,33.2,211.6,2242.5,546.8,1571.8,124,2010
165,KANSAS,"Rate per 100,000 inhabitants",369.1,3.5,38.8,54.1,272.7,3119.9,680.1,2229.2,210.6,2010
176,KENTUCKY,"Rate per 100,000 inhabitants",242.6,4.3,31.8,86.4,120.1,2551.3,698.5,1709.7,143.1,2010
187,LOUISIANA,"Rate per 100,000 inhabitants",549,11.2,27.2,114.9,395.6,3647.5,1002.2,2427.1,218.2,2010
195,MAINE,"Rate per 100,000 inhabitants",122,1.8,29.3,31.2,59.8,2479.3,554,1850.8,74.5,2010
203,MARYLAND,"Rate per 100,000 inhabitants",547.7,7.4,21.3,191.5,327.5,2997.3,632.9,2051.7,312.6,2010
212,MASSACHUSETTS,"Rate per 100,000 inhabitants",466.6,3.2,26.7,105,331.8,2350.5,576.8,1598.8,174.9,2010
223,MICHIGAN,"Rate per 100,000 inhabitants",490.3,5.7,47.3,116.3,321,2713.6,747.4,1689.5,276.8,2010
234,MINNESOTA,"Rate per 100,000 inhabitants",236,1.8,33.9,63.9,136.4,2572.3,460.3,1950,161.9,2010
245,MISSISSIPPI,"Rate per 100,000 inhabitants",269.7,7,31.2,93.7,137.8,2985,1026,1778.4,180.6,2010
256,MISSOURI,"Rate per 100,000 inhabitants",455,7,23.9,102.4,321.7,3346.4,735.4,2343,268,2010
266,MONTANA,"Rate per 100,000 inhabitants",272.2,2.6,32.4,15.9,221.2,2543.8,369.3,2020.3,154.2,2010
277,NEBRASKA,"Rate per 100,000 inhabitants",279.5,3,36.8,56.1,183.6,2673.2,455.9,2019.4,197.9,2010
285,NEVADA,"Rate per 100,000 inhabitants",660.6,5.9,35.7,196.2,422.9,2774.7,823,1574.5,377.1,2010
296,NEW HAMPSHIRE,"Rate per 100,000 inhabitants",167,1,31.3,34.3,100.4,2186.3,413.3,1699.5,73.5,2010
302,NEW JERSEY,"Rate per 100,000 inhabitants",307.7,4.2,11.2,134.4,157.9,2081.9,440.5,1464.5,176.9,2010
313,NEW MEXICO,"Rate per 100,000 inhabitants",588.9,6.9,46.5,78.4,457.1,3435.4,1020.5,2160.1,254.8,2010
323,NEW YORK,"Rate per 100,000 inhabitants",392.1,4.5,14.3,146.9,226.4,1941.2,335.3,1500.4,105.4,2010
334,NORTH CAROLINA,"Rate per 100,000 inhabitants",363.4,5,21.1,100.8,236.5,3447.3,1076.9,2178.4,192,2010
344,NORTH DAKOTA,"Rate per 100,000 inhabitants",225,1.5,35.2,13.4,174.8,1768.5,292.3,1348.5,127.7,2010
355,OHIO,"Rate per 100,000 inhabitants",315.2,4.1,32.1,142.8,136.2,3245.2,923.3,2138.8,183.1,2010
364,OKLAHOMA,"Rate per 100,000 inhabitants",479.5,5.2,38.7,89,346.7,3415.5,999,2144.8,271.6,2010
375,OREGON,"Rate per 100,000 inhabitants",252,2.4,31.7,62.4,155.6,3012.9,512.6,2267.7,232.6,2010
385,PENNSYLVANIA,"Rate per 100,000 inhabitants",366.2,5.2,26.9,128.8,205.3,2173,434.3,1607.4,131.2,2010
392,RHODE ISLAND,"Rate per 100,000 inhabitants",256.6,2.8,28.1,74.1,151.6,2556.6,581.5,1747.2,227.9,2010
402,SOUTH CAROLINA,"Rate per 100,000 inhabitants",597.7,6.1,31.7,107.7,452.3,3900.4,997.9,2617.2,285.3,2010
413,SOUTH DAKOTA,"Rate per 100,000 inhabitants",268.5,2.8,47.9,18.9,198.9,1852.4,390.7,1364.1,97.6,2010
421,TENNESSEE,"Rate per 100,000 inhabitants",613.3,5.6,33.7,131.8,442.2,3657.9,1012.2,2411.9,233.8,2010
432,TEXAS,"Rate per 100,000 inhabitants",450.3,5,30.3,130.6,284.4,3783,909.1,2603.3,270.5,2010
443,UTAH,"Rate per 100,000 inhabitants",212.7,1.9,34.3,45.9,130.6,3179.6,543.3,2421,215.2,2010
453,VERMONT,"Rate per 100,000 inhabitants",130.2,1.1,21.1,11.8,96.2,2282.3,537.9,1673.9,70.5,2010
461,VIRGINIA,"Rate per 100,000 inhabitants",213.6,4.6,19.1,70.7,119.1,2327.2,382.8,1812.5,131.8,2010
471,WASHINGTON,"Rate per 100,000 inhabitants",313.8,2.3,38.1,88.2,185.3,3706.6,820.3,2503.7,382.6,2010
482,WEST VIRGINIA,"Rate per 100,000 inhabitants",314.6,3.3,19.1,44.7,247.5,2239.6,580.5,1531.7,127.4,2010
493,WISCONSIN,"Rate per 100,000 inhabitants",248.7,2.7,20.9,79.2,145.9,2507.7,467.1,1897.5,143.1,2010
502,WYOMING,"Rate per 100,000 inhabitants",195.9,1.4,29.1,13.5,151.9,2461.6,381.3,1975.4,104.9,2010
10,ALABAMA,"Rate per 100,000 inhabitants",420.1,6.3,28.5,102.2,283,3606.1,1064.3,2319.7,222,2011
19,ALASKA,"Rate per 100,000 inhabitants",606.5,4,58.1,79.7,464.6,2632.8,391,2056,185.8,2011
30,ARIZONA,"Rate per 100,000 inhabitants",405.9,6.2,34.9,109.9,254.8,3554.5,847.3,2401.3,305.9,2011
41,ARKANSAS,"Rate per 100,000 inhabitants",480.9,5.5,41.3,82.6,351.5,3754.1,1173.3,2383,197.8,2011
50,CALIFORNIA,"Rate per 100,000 inhabitants",411.1,4.8,20.3,144,242,2583.8,610.4,1583.8,389.6,2011
61,COLORADO,"Rate per 100,000 inhabitants",320.2,2.9,44.5,64.6,208.1,2606.3,503.6,1886.8,215.9,2011
69,CONNECTICUT,"Rate per 100,000 inhabitants",272.8,3.6,19.2,102.7,147.3,2167.4,437.9,1542.1,187.4,2011
77,DELAWARE,"Rate per 100,000 inhabitants",559.5,4.5,31.9,169.5,353.5,3410.6,830.2,2411.8,168.7,2011
83,DISTRICT OF COLUMBIA,"Rate per 100,000 inhabitants",1202.1,17.5,28,662.3,494.3,4795.5,623,3451.5,721,2011
93,FLORIDA,"Rate per 100,000 inhabitants",515.3,5.2,27.7,134.4,348,3522,892.9,2421.1,207.9,2011
104,GEORGIA,"Rate per 100,000 inhabitants",373.2,5.6,20.9,123.8,222.9,3626.5,974.6,2351.7,300.3,2011
112,HAWAII,"Rate per 100,000 inhabitants",287.2,1.2,31.6,75.8,178.6,3337.8,728,2305.6,304.3,2011
122,IDAHO,"Rate per 100,000 inhabitants",200.9,2.3,27.4,11.6,159.6,2068.6,436.6,1547.9,84.1,2011
133,ILLINOIS,"Rate per 100,000 inhabitants",429.3,5.6,28.8,157.4,237.5,2688.8,604.1,1861.1,223.5,2011
144,INDIANA,"Rate per 100,000 inhabitants",331.8,4.8,27,107.1,193,3161.8,775.7,2158.8,227.3,2011
155,IOWA,"Rate per 100,000 inhabitants",255.6,1.5,27.2,26.9,199.9,2330.3,568.2,1633.6,128.5,2011
166,KANSAS,"Rate per 100,000 inhabitants",353.9,3.8,37.8,50.8,261.5,3080.1,654.4,2193.2,232.5,2011
177,KENTUCKY,"Rate per 100,000 inhabitants",238.2,3.5,33.5,84.5,116.7,2708.8,745,1811.1,152.7,2011
188,LOUISIANA,"Rate per 100,000 inhabitants",555.3,11.2,27.7,114.5,401.9,3688.5,1012.5,2476.6,199.4,2011
196,MAINE,"Rate per 100,000 inhabitants",123.2,2,29.6,27.8,63.8,2545.5,591.3,1873,81.2,2011
204,MARYLAND,"Rate per 100,000 inhabitants",494.1,6.8,20.5,177.5,289.3,2860.2,614,1970.5,275.7,2011
213,MASSACHUSETTS,"Rate per 100,000 inhabitants",428.4,2.8,24.7,102.7,298.1,2258.7,554.6,1540.3,163.7,2011
224,MICHIGAN,"Rate per 100,000 inhabitants",445.3,6.2,44,105.2,289.9,2612.1,724.9,1629,258.2,2011
235,MINNESOTA,"Rate per 100,000 inhabitants",221.2,1.4,31.1,63.4,125.4,2549.4,481.3,1915.1,153.1,2011
246,MISSISSIPPI,"Rate per 100,000 inhabitants",269.8,8,29,83.7,149.1,3025.5,1037.7,1822.5,165.4,2011
256,MISSOURI,"Rate per 100,000 inhabitants",447.4,6.1,24.3,104.3,312.7,3308.8,745.7,2308.3,254.8,2011
266,MONTANA,"Rate per 100,000 inhabitants",267.5,2.8,35.8,16.9,212,2319.7,339.6,1834,146.1,2011
277,NEBRASKA,"Rate per 100,000 inhabitants",253.2,3.6,37.7,54.1,157.7,2752.9,472.9,2057.3,222.7,2011
286,NEVADA,"Rate per 100,000 inhabitants",562.1,5.2,33.5,157.9,365.6,2560.5,742.3,1470,348.3,2011
297,NEW HAMPSHIRE,"Rate per 100,000 inhabitants",188,1.3,32.5,36,118.2,2283.9,436.1,1773.9,73.9,2011
303,NEW JERSEY,"Rate per 100,000 inhabitants",308.4,4.3,11.4,138.4,154.3,2150.7,490.2,1463.1,197.4,2011
313,NEW MEXICO,"Rate per 100,000 inhabitants",567.5,7.5,41.2,82.7,436.2,3531.5,1028.9,2242.9,259.7,2011
324,NEW YORK,"Rate per 100,000 inhabitants",398.1,4,14.1,145.9,234.1,1912.4,336,1477.2,99.2,2011
335,NORTH CAROLINA,"Rate per 100,000 inhabitants",349.8,5.3,20.7,98.9,224.9,3526.8,1099.2,2251.2,176.4,2011
346,NORTH DAKOTA,"Rate per 100,000 inhabitants",247,3.5,37.9,13.3,192.3,1936.7,355.7,1437.7,143.3,2011
357,OHIO,"Rate per 100,000 inhabitants",307.4,4.4,31.5,139.1,132.4,3354.7,976.3,2195.9,182.5,2011
366,OKLAHOMA,"Rate per 100,000 inhabitants",454.8,5.5,37,86.6,325.7,3356.2,958.5,2106.8,290.9,2011
377,OREGON,"Rate per 100,000 inhabitants",247.6,2.1,31.4,57.4,156.6,3114.6,528.1,2352.8,233.7,2011
387,PENNSYLVANIA,"Rate per 100,000 inhabitants",355,5,26.1,126.6,197.3,2222.3,454,1636.1,132.2,2011
393,PUERTO RICO,"Rate per 100,000 inhabitants",284.4,30.6,1.2,174.4,78.1,1395.2,447.6,789.7,157.9,2011
400,RHODE ISLAND,"Rate per 100,000 inhabitants",247.5,1.3,28.9,71,146.3,2676.8,662.4,1796.8,217.5,2011
410,SOUTH CAROLINA,"Rate per 100,000 inhabitants",571.9,6.8,34.5,92.2,438.4,3904.2,1002.8,2609.4,292,2011
421,SOUTH DAKOTA,"Rate per 100,000 inhabitants",254.1,2.5,60.2,20.3,171.1,1817.7,351.8,1351.1,114.8,2011
429,TENNESSEE,"Rate per 100,000 inhabitants",608.2,5.8,31.6,126.2,444.5,3595.9,979.9,2396.8,219.2,2011
440,TEXAS,"Rate per 100,000 inhabitants",408.5,4.4,29,110.6,264.5,3472.3,838.3,2387.3,246.7,2011
451,UTAH,"Rate per 100,000 inhabitants",195,1.9,30.3,38.4,124.4,2973.1,465.8,2287.8,219.5,2011
461,VERMONT,"Rate per 100,000 inhabitants",135.2,1.3,19,13.6,101.4,2309,581.5,1647.7,79.7,2011
470,VIRGINIA,"Rate per 100,000 inhabitants",196.7,3.7,19,67.1,106.9,2249.6,377.9,1751.6,120.1,2011
480,WASHINGTON,"Rate per 100,000 inhabitants",294.6,2.4,33.5,82.5,176.1,3574.6,827.7,2383.3,363.6,2011
491,WEST VIRGINIA,"Rate per 100,000 inhabitants",315.9,4.3,20.9,49,241.6,2273.9,603.2,1549.2,121.5,2011
501,WISCONSIN,"Rate per 100,000 inhabitants",236.9,2.4,20.4,78.2,135.9,2432.7,466.7,1821.9,144.1,2011
510,WYOMING,"Rate per 100,000 inhabitants",219.3,3.2,25.7,12.5,177.9,2266.4,327.9,1846.8,91.7,2011
10,ALABAMA,"Rate per 100,000 inhabitants",449.9,7.1,26.9,104.1,311.8,3502.2,984.7,2312.8,204.8,2012
19,ALASKA,"Rate per 100,000 inhabitants",603.2,4.1,79.7,86.1,433.2,2739.4,403.3,2128,208.1,2012
29,ARIZONA,"Rate per 100,000 inhabitants",428.9,5.5,34.7,112.7,276,3539.2,807.8,2439.1,292.3,2012
40,ARKANSAS,"Rate per 100,000 inhabitants",469.1,5.9,42.3,78.7,342.3,3660.1,1081.3,2384.7,194.1,2012
49,CALIFORNIA,"Rate per 100,000 inhabitants",423.1,5,20.6,148.6,248.9,2758.7,646.1,1669.5,443.2,2012
60,COLORADO,"Rate per 100,000 inhabitants",308.9,3.1,40.7,65.4,199.6,2684.7,504.2,1947.4,233.1,2012
68,CONNECTICUT,"Rate per 100,000 inhabitants",283,4.1,25.6,102.7,150.6,2140,409.7,1550.7,179.6,2012
74,DELAWARE,"Rate per 100,000 inhabitants",547.4,6.2,26.5,162.7,352,3340.9,803.7,2380.6,156.6,2012
80,DISTRICT OF COLUMBIA,"Rate per 100,000 inhabitants",1243.7,13.9,37.3,638.3,554.1,4860.8,556.5,3725.3,579,2012
90,FLORIDA,"Rate per 100,000 inhabitants",487.1,5.2,27.2,123.7,330.9,3276.7,794.9,2288.6,193.2,2012
101,GEORGIA,"Rate per 100,000 inhabitants",378.9,5.9,21.4,125.6,226,3410.6,874.9,2248,287.7,2012
108,HAWAII,"Rate per 100,000 inhabitants",239.2,2.1,20.5,74.7,141.9,3075.2,573.1,2243.2,258.9,2012
117,IDAHO,"Rate per 100,000 inhabitants",207.9,1.8,30,15.2,160.9,1983.5,450.3,1447.7,85.5,2012
128,ILLINOIS,"Rate per 100,000 inhabitants",414.8,5.8,27.7,151.2,230,2578.7,552.2,1826.9,199.5,2012
139,INDIANA,"Rate per 100,000 inhabitants",345.7,4.7,25.5,100.9,214.6,3029.2,728.3,2092,209,2012
150,IOWA,"Rate per 100,000 inhabitants",263.9,1.5,28.3,31.3,202.8,2271.8,556.1,1584.8,130.9,2012
161,KANSAS,"Rate per 100,000 inhabitants",354.6,2.9,36.5,52,263.2,3143.2,650.3,2258,234.9,2012
172,KENTUCKY,"Rate per 100,000 inhabitants",222.6,4.5,29,80.7,108.4,2552.9,675.4,1725.2,152.2,2012
183,LOUISIANA,"Rate per 100,000 inhabitants",496.9,10.8,25.2,119,342,3540.6,915.7,2453.7,171.3,2012
191,MAINE,"Rate per 100,000 inhabitants",122.7,1.9,28,31.8,61,2509.9,561.3,1873.7,74.9,2012
199,MARYLAND,"Rate per 100,000 inhabitants",476.8,6.3,21,172.3,277.2,2753.5,573.2,1924.9,255.3,2012
209,MASSACHUSETTS,"Rate per 100,000 inhabitants",405.5,1.8,24.7,98.6,280.4,2153,519.7,1494.4,138.9,2012
220,MICHIGAN,"Rate per 100,000 inhabitants",454.5,7,46.4,105.6,295.5,2530.5,664.4,1612,254.1,2012
228,MINNESOTA,"Rate per 100,000 inhabitants",230.9,1.8,30.5,64.6,134,2568.3,471.8,1939.3,157.2,2012
239,MISSISSIPPI,"Rate per 100,000 inhabitants",260.8,7.4,27.5,76.5,149.4,2811,940.6,1725.6,144.8,2012
249,MISSOURI,"Rate per 100,000 inhabitants",450.9,6.5,25.1,96,323.4,3314.4,705.2,2338.4,270.8,2012
259,MONTANA,"Rate per 100,000 inhabitants",272.2,2.7,37.7,19,212.8,2583.7,387.4,2028.3,168,2012
270,NEBRASKA,"Rate per 100,000 inhabitants",259.4,2.9,38.3,60.9,157.4,2754.9,470.8,2060.7,223.5,2012
278,NEVADA,"Rate per 100,000 inhabitants",607.6,4.5,33.7,178.3,391.1,2809.4,801.8,1644.6,363.1,2012
289,NEW HAMPSHIRE,"Rate per 100,000 inhabitants",187.9,1.1,34,35.7,117,2324,412.2,1834.3,77.5,2012
296,NEW JERSEY,"Rate per 100,000 inhabitants",290.2,4.4,11.7,128.4,145.7,2047.3,477.6,1383.7,185.9,2012
307,NEW MEXICO,"Rate per 100,000 inhabitants",559.1,5.6,45.9,88.6,419.1,3600.7,1025.3,2313.4,261.9,2012
317,NEW YORK,"Rate per 100,000 inhabitants",406.8,3.5,14.6,146.4,242.3,1922,329.9,1503.5,88.6,2012
328,NORTH CAROLINA,"Rate per 100,000 inhabitants",353.4,4.9,20.3,96.3,231.8,3369.5,1018.5,2185.7,165.3,2012
338,NORTH DAKOTA,"Rate per 100,000 inhabitants",244.7,4,38.9,18.7,183.1,2010.1,339.8,1505.8,164.5,2012
349,OHIO,"Rate per 100,000 inhabitants",299.7,4.3,31.7,132,131.7,3117.4,895.9,2052.5,169,2012
358,OKLAHOMA,"Rate per 100,000 inhabitants",469.3,5.7,41.6,84.7,337.3,3401,936.6,2161.3,303.1,2012
369,OREGON,"Rate per 100,000 inhabitants",247.6,2.4,29.2,61.9,154.1,3224.2,561.7,2400.9,261.7,2012
379,PENNSYLVANIA,"Rate per 100,000 inhabitants",348.7,5.4,26.1,122.8,194.4,2166.3,445.5,1603.1,117.7,2012
385,PUERTO RICO,"Rate per 100,000 inhabitants",273.8,26.7,0.9,171.7,74.5,1409.3,416.9,833,159.4,2012
392,RHODE ISLAND,"Rate per 100,000 inhabitants",252.4,3.2,27.4,67.9,153.9,2572.3,566.4,1755.7,250.2,2012
402,SOUTH CAROLINA,"Rate per 100,000 inhabitants",558.8,6.9,35.5,95,421.4,3822.2,954.5,2588.3,279.5,2012
413,SOUTH DAKOTA,"Rate per 100,000 inhabitants",321.8,3,70.2,19,229.7,2060.1,391,1541.4,127.8,2012
421,TENNESSEE,"Rate per 100,000 inhabitants",643.6,6,31.5,126.5,479.6,3371.4,870.2,2300.1,201,2012
432,TEXAS,"Rate per 100,000 inhabitants",408.6,4.4,29.6,116.6,258,3361.8,785.9,2326.4,249.4,2012
443,UTAH,"Rate per 100,000 inhabitants",205.8,1.8,33,38.5,132.5,2991.8,453.3,2328.4,210.1,2012
452,VERMONT,"Rate per 100,000 inhabitants",142.6,1.3,19.3,17.9,104.2,2398.7,633.4,1695.8,69.5,2012
460,VIRGINIA,"Rate per 100,000 inhabitants",190.1,3.8,17.7,57.5,111.1,2162.1,360.5,1690.7,110.9,2012
469,WASHINGTON,"Rate per 100,000 inhabitants",295.6,3,31.8,83.3,177.5,3658.6,880.5,2395.3,382.8,2012
480,WEST VIRGINIA,"Rate per 100,000 inhabitants",316.3,3.9,22.7,45.2,244.6,2364.9,608.5,1637.3,119.1,2012
491,WISCONSIN,"Rate per 100,000 inhabitants",280.5,3,21.3,80.7,175.5,2453.8,488,1822.3,143.5,2012
501,WYOMING,"Rate per 100,000 inhabitants",201.4,2.4,26.7,10.6,161.7,2293.8,368.7,1823.9,101.3,2012
10,ALABAMA,"Rate per 100,000 inhabitants",430.8,7.2,42.3,96.2,285.2,3351.3,877.8,2254.8,218.7,2013
19,ALASKA,"Rate per 100,000 inhabitants",640.4,4.6,125.4,84.9,425.5,2885.2,396.7,2258,230.6,2013
29,ARIZONA,"Rate per 100,000 inhabitants",416.5,5.4,46,101.1,263.9,3399.1,732.4,2403.5,263.2,2013
40,ARKANSAS,"Rate per 100,000 inhabitants",460.3,5.4,48.1,76.3,330.5,3602.6,1030.1,2380.6,191.9,2013
49,CALIFORNIA,"Rate per 100,000 inhabitants",402.1,4.6,25.3,139.9,232.3,2658.1,605.4,1621.5,431.2,2013
60,COLORADO,"Rate per 100,000 inhabitants",308,3.4,55.7,59.8,189.1,2658.5,476.1,1944.5,237.9,2013
68,CONNECTICUT,"Rate per 100,000 inhabitants",262.5,2.4,26.6,98.2,135.4,1974.1,358.5,1442.6,173,2013
75,DELAWARE,"Rate per 100,000 inhabitants",491.4,4.2,41,132.4,313.7,3065.5,662.3,2259.4,143.9,2013
81,DISTRICT OF COLUMBIA,"Rate per 100,000 inhabitants",1300.3,15.9,61.1,630.8,592.5,4808.3,513,3795,500.3,2013
92,FLORIDA,"Rate per 100,000 inhabitants",470.4,5,34.6,118.7,312.3,3105.3,710.5,2216.3,178.6,2013
103,GEORGIA,"Rate per 100,000 inhabitants",365.7,5.6,25.8,125,209.3,3346.6,823.2,2254.9,268.5,2013
110,HAWAII,"Rate per 100,000 inhabitants",251.6,1.5,27.4,80.6,142.2,3053.7,536.5,2254.8,262.4,2013
119,IDAHO,"Rate per 100,000 inhabitants",217,1.7,40.6,13.6,161,1864.3,411.9,1357.1,95.3,2013
130,ILLINOIS,"Rate per 100,000 inhabitants",380.2,5.5,33.1,137.6,204,2274.3,452.1,1659.8,162.5,2013
141,INDIANA,"Rate per 100,000 inhabitants",357.4,5.4,32.6,108.2,211.3,2854,653,1984.9,216.2,2013
152,IOWA,"Rate per 100,000 inhabitants",271.4,1.4,35,30.4,204.6,2193.9,513.5,1543,137.4,2013
163,KANSAS,"Rate per 100,000 inhabitants",339.9,3.9,41.3,46.6,248.1,2946.8,600.4,2117,229.5,2013
174,KENTUCKY,"Rate per 100,000 inhabitants",209.8,3.8,36.7,73.9,95.5,2362.9,596.4,1629.3,137.2,2013
185,LOUISIANA,"Rate per 100,000 inhabitants",518.5,10.8,35,119.9,352.8,3582,890.4,2493.6,198,2013
193,MAINE,"Rate per 100,000 inhabitants",129.3,1.8,33.7,25.2,68.7,2292.2,488.1,1735.3,68.8,2013
201,MARYLAND,"Rate per 100,000 inhabitants",473.8,6.4,25.8,169.5,272,2663.5,538.9,1898.3,226.3,2013
211,MASSACHUSETTS,"Rate per 100,000 inhabitants",413.4,2,40.6,100.2,270.5,2051.2,459.2,1455.7,136.3,2013
222,MICHIGAN,"Rate per 100,000 inhabitants",449.9,6.4,66.6,102.1,274.8,2327.6,569.4,1510,248.3,2013
231,MINNESOTA,"Rate per 100,000 inhabitants",234.4,2.1,37,67.8,127.5,2420.4,419,1854.4,147,2013
242,MISSISSIPPI,"Rate per 100,000 inhabitants",274.6,6.5,31.1,80.5,156.5,2724.7,835.6,1742.3,146.7,2013
252,MISSOURI,"Rate per 100,000 inhabitants",433.4,6.1,37.8,90.7,298.7,3137,643,2223.9,270.1,2013
262,MONTANA,"Rate per 100,000 inhabitants",252.9,2.2,40.4,20.1,190.2,2556.5,400.3,1974,182.2,2013
273,NEBRASKA,"Rate per 100,000 inhabitants",262.1,3.1,42.9,55.7,160.5,2623.4,476.3,1908.2,238.9,2013
282,NEVADA,"Rate per 100,000 inhabitants",603,5.8,50.8,185.8,360.6,2837.7,826,1653.4,358.3,2013
293,NEW HAMPSHIRE,"Rate per 100,000 inhabitants",215.3,1.7,51.8,49,112.7,2194.3,373,1750.3,71,2013
300,NEW JERSEY,"Rate per 100,000 inhabitants",288.5,4.5,12.6,135.8,135.6,1882.8,403.1,1325.2,154.5,2013
311,NEW MEXICO,"Rate per 100,000 inhabitants",613,6,70.3,86.8,449.9,3704.8,1029.9,2391.8,283.2,2013
321,NEW YORK,"Rate per 100,000 inhabitants",393.7,3.3,17.1,138.6,234.7,1824.8,287.2,1458.8,78.8,2013
332,NORTH CAROLINA,"Rate per 100,000 inhabitants",342.2,4.8,24.1,94.9,218.4,3128,921,2058.7,148.3,2013
342,NORTH DAKOTA,"Rate per 100,000 inhabitants",270.1,2.2,45.6,22.4,199.9,2094,405.6,1492.7,195.7,2013
353,OHIO,"Rate per 100,000 inhabitants",286.2,3.9,34.9,124.2,123.2,2927.5,790.2,1968.5,168.8,2013
361,OKLAHOMA,"Rate per 100,000 inhabitants",441.2,5.1,56.6,78.7,300.8,3273.7,866.1,2116.4,291.2,2013
372,OREGON,"Rate per 100,000 inhabitants",254,2,48.3,61,142.7,3173.9,528.5,2394.5,250.9,2013
382,PENNSYLVANIA,"Rate per 100,000 inhabitants",335.4,4.7,29.5,115.6,185.7,2060.8,407.3,1545.6,107.8,2013
388,PUERTO RICO,"Rate per 100,000 inhabitants",258,24.4,0.9,166.4,66.3,1351.3,386.2,812.2,153,2013
395,RHODE ISLAND,"Rate per 100,000 inhabitants",257.2,2.9,41.8,65,147.4,2442,533.2,1696.4,212.4,2013
405,SOUTH CAROLINA,"Rate per 100,000 inhabitants",508.5,6.2,45.5,83.2,373.6,3624.2,857.8,2502.9,263.5,2013
416,SOUTH DAKOTA,"Rate per 100,000 inhabitants",316.5,2.4,59.1,18.8,236.2,1914.7,399.1,1404.6,111,2013
425,TENNESSEE,"Rate per 100,000 inhabitants",590.6,5,36.2,112.5,436.9,3180.9,785.1,2213.7,182.1,2013
436,TEXAS,"Rate per 100,000 inhabitants",408.3,4.3,36.9,120.2,246.9,3258.2,721.8,2287.8,248.6,2013
447,UTAH,"Rate per 100,000 inhabitants",224,1.7,49,42.8,130.4,2950.4,459.6,2233.4,257.3,2013
456,VERMONT,"Rate per 100,000 inhabitants",121.1,1.6,20.7,11.6,87.1,2214.2,528.7,1632.2,53.3,2013
465,VIRGINIA,"Rate per 100,000 inhabitants",196.2,3.8,27.4,55.3,109.7,2065.9,322.5,1640.1,103.3,2013
474,WASHINGTON,"Rate per 100,000 inhabitants",289.1,2.3,36.9,83.5,166.4,3710.3,837,2465.9,407.4,2013
485,WEST VIRGINIA,"Rate per 100,000 inhabitants",300.3,3.3,35.2,35.1,226.7,2103.9,521.7,1478.9,103.3,2013
496,WISCONSIN,"Rate per 100,000 inhabitants",277.9,2.8,29.4,84.2,161.6,2188.7,424,1636,128.6,2013
506,WYOMING,"Rate per 100,000 inhabitants",205.1,2.9,32.1,12.9,157.2,2198.4,335.5,1763.6,99.2,2013
10,ALABAMA,"Rate per 100,000 inhabitants",427.4,5.7,41.3,96.9,283.4,3177.6,819,2149.5,209.1,2014
19,ALASKA,"Rate per 100,000 inhabitants",635.8,5.6,104.7,85.4,440.2,2760,427.6,2096.4,236,2014
29,ARIZONA,"Rate per 100,000 inhabitants",399.9,4.7,50.2,92.8,252.1,3197.5,647.1,2289.1,261.3,2014
40,ARKANSAS,"Rate per 100,000 inhabitants",480.1,5.6,59.4,69.1,346,3338,835.7,2313.5,188.8,2014
49,CALIFORNIA,"Rate per 100,000 inhabitants",396.1,4.4,29.7,125.5,236.6,2441.1,522.3,1527.4,391.3,2014
60,COLORADO,"Rate per 100,000 inhabitants",309.1,2.8,56.7,56.7,192.8,2530.1,438.2,1857.1,234.8,2014
68,CONNECTICUT,"Rate per 100,000 inhabitants",236.9,2.4,21.7,87.8,125,1920.4,332.4,1418.1,169.9,2014
75,DELAWARE,"Rate per 100,000 inhabitants",489.1,5.8,41.3,135.6,306.4,2982,616.5,2230.1,135.4,2014
81,DISTRICT OF COLUMBIA,"Rate per 100,000 inhabitants",1244.4,15.9,71.6,530.7,626.1,5182.5,526,4082.3,574.1,2014
92,FLORIDA,"Rate per 100,000 inhabitants",540.5,5.8,43,125.2,366.4,3415.5,719.9,2481.5,214,2014
103,GEORGIA,"Rate per 100,000 inhabitants",377.3,5.7,30.2,123,218.4,3281.2,756.9,2258.4,266,2014
110,HAWAII,"Rate per 100,000 inhabitants",259.2,1.8,31.3,78,148.1,3050,547.9,2228.9,273.3,2014
119,IDAHO,"Rate per 100,000 inhabitants",212.2,2,37.3,12.5,160.5,1854.8,393.3,1359.9,101.6,2014
130,ILLINOIS,"Rate per 100,000 inhabitants",370,5.3,32.3,118.8,213.7,2075.9,388.2,1552.2,135.5,2014
141,INDIANA,"Rate per 100,000 inhabitants",365.3,5,33.1,104.5,222.6,2649.4,559.3,1880,210.1,2014
152,IOWA,"Rate per 100,000 inhabitants",273.5,1.9,36.3,33.6,201.6,2093.8,464.4,1495.8,133.6,2014
163,KANSAS,"Rate per 100,000 inhabitants",348.6,3.1,48.6,46.9,250,2735.2,545,1952.4,237.8,2014
174,KENTUCKY,"Rate per 100,000 inhabitants",211.6,3.6,32.6,75.6,99.8,2246.9,526.7,1577.1,143.2,2014
184,LOUISIANA,"Rate per 100,000 inhabitants",514.7,10.3,29.6,122.5,352.4,3458.8,824.5,2421.6,212.7,2014
192,MAINE,"Rate per 100,000 inhabitants",127.8,1.6,36.5,22.9,66.9,1986.4,378.2,1548.2,60.1,2014
200,MARYLAND,"Rate per 100,000 inhabitants",446.1,6.1,27.1,159.7,253.2,2507.5,468.7,1819.6,219.2,2014
210,MASSACHUSETTS,"Rate per 100,000 inhabitants",391.4,2,32.3,89.5,267.6,1857.1,370.1,1364.5,122.5,2014
221,MICHIGAN,"Rate per 100,000 inhabitants",427.3,5.4,63.3,80.9,277.7,2043.9,445.9,1384.5,213.5,2014
230,MINNESOTA,"Rate per 100,000 inhabitants",229.1,1.6,36.7,67.6,123.3,2297.5,380.7,1763.5,153.3,2014
241,MISSISSIPPI,"Rate per 100,000 inhabitants",278.5,8.6,35.3,81.2,153.4,2921.2,813.3,1956.9,150.9,2014
251,MISSOURI,"Rate per 100,000 inhabitants",442.9,6.6,39.2,92.2,304.8,2906.5,581.5,2055.3,269.8,2014
261,MONTANA,"Rate per 100,000 inhabitants",323.7,3.6,52.9,19.8,247.4,2472.9,351.2,1922.1,199.6,2014
272,NEBRASKA,"Rate per 100,000 inhabitants",280.4,2.9,45.8,55.4,176.2,2523.5,422.5,1864.1,236.8,2014
281,NEVADA,"Rate per 100,000 inhabitants",635.6,6,47.8,209.7,372.1,2625.4,772.3,1494.3,358.7,2014
291,NEW HAMPSHIRE,"Rate per 100,000 inhabitants",196.1,0.9,44.8,40.5,110,1962.7,313.7,1584.4,64.6,2014
297,NEW JERSEY,"Rate per 100,000 inhabitants",261.2,3.9,14.3,117.5,125.6,1734.1,354.8,1248.3,131,2014
308,NEW MEXICO,"Rate per 100,000 inhabitants",597.4,4.8,70.7,100,421.8,3542.3,887.3,2353.4,301.6,2014
319,NEW YORK,"Rate per 100,000 inhabitants",381.8,3.1,27.5,121.8,229.4,1718.2,257.2,1381.4,79.7,2014
330,NORTH CAROLINA,"Rate per 100,000 inhabitants",329.5,5.1,24.3,84.6,215.4,2873.1,798.2,1937.8,137.1,2014
339,NORTH DAKOTA,"Rate per 100,000 inhabitants",265.1,3,48.4,23.4,190.3,2110.3,366.1,1539.5,204.7,2014
350,OHIO,"Rate per 100,000 inhabitants",284.9,4,43.5,110,127.4,2799.1,680,1963.6,155.4,2014
358,OKLAHOMA,"Rate per 100,000 inhabitants",406,4.5,45.8,78.6,277,2990.7,760.9,1956.9,272.9,2014
369,OREGON,"Rate per 100,000 inhabitants",232.3,2,36.7,52.7,140.8,2879,434,2204.6,240.5,2014
379,PENNSYLVANIA,"Rate per 100,000 inhabitants",314.1,4.8,29.9,105.8,173.5,1931.7,357.5,1472.2,102,2014
385,PUERTO RICO,"Rate per 100,000 inhabitants",236.2,19.2,1.6,145.7,69.7,1285.7,339.2,815.8,130.7,2014
392,RHODE ISLAND,"Rate per 100,000 inhabitants",219.2,2.4,34.2,50.1,132.5,2173.6,457.1,1542.8,173.7,2014
402,SOUTH CAROLINA,"Rate per 100,000 inhabitants",497.7,6.4,42.8,82.7,365.8,3460.3,759.9,2433.4,267,2014
413,SOUTH DAKOTA,"Rate per 100,000 inhabitants",326.5,2.3,55.1,23.4,245.7,1863.9,330.3,1415.5,118,2014
422,TENNESSEE,"Rate per 100,000 inhabitants",608.4,5.7,38.6,110.9,453.2,3060.6,712.2,2156,192.4,2014
433,TEXAS,"Rate per 100,000 inhabitants",405.9,4.4,42.3,115.7,243.6,3019.4,627.8,2137.3,254.3,2014
444,UTAH,"Rate per 100,000 inhabitants",215.6,2.3,49.4,44.6,119.4,2878.5,391.4,2239.1,248,2014
453,VERMONT,"Rate per 100,000 inhabitants",99.3,1.6,17.6,11.2,68.9,1524.4,324.6,1160.8,38.9,2014
463,VIRGINIA,"Rate per 100,000 inhabitants",196.2,4.1,27.7,51.5,112.9,1930.3,277.7,1560.5,92.1,2014
473,WASHINGTON,"Rate per 100,000 inhabitants",285.2,2.5,38.2,79.9,164.7,3706.1,783,2489.1,434,2014
484,WEST VIRGINIA,"Rate per 100,000 inhabitants",302,4,27.3,35.2,235.5,2034.7,484.9,1447.3,102.5,2014
494,WISCONSIN,"Rate per 100,000 inhabitants",290.3,2.9,29.1,88,170.4,2088.3,368.5,1547.6,172.3,2014
504,WYOMING,"Rate per 100,000 inhabitants",195.5,2.7,29.8,9.1,153.9,1964.7,289.1,1572.4,103.2,2014
10,ALABAMA,"Rate per 100,000 inhabitants",472.4,7.2,42,94.9,328.3,2978.9,725.6,2040.7,212.7,2015
19,ALASKA,"Rate per 100,000 inhabitants",730.2,8,122,103.1,497.1,2817.6,475.5,2065.1,277.1,2015
29,ARIZONA,"Rate per 100,000 inhabitants",410.2,4.5,45.5,93.1,267.1,3033.2,555.9,2231.5,245.8,2015
40,ARKANSAS,"Rate per 100,000 inhabitants",521.3,6.1,64.8,70.4,380,3251.5,760.2,2297.5,193.8,2015
49,CALIFORNIA,"Rate per 100,000 inhabitants",426.3,4.8,32.7,135,253.8,2618.3,504.3,1677.1,436.8,2015
60,COLORADO,"Rate per 100,000 inhabitants",321,3.2,59.7,60.9,197.2,2641.5,429.8,1918.5,293.2,2015
68,CONNECTICUT,"Rate per 100,000 inhabitants",218.5,3.3,21.5,80.5,113.1,1812,280,1355.5,176.5,2015
75,DELAWARE,"Rate per 100,000 inhabitants",499,6.7,36,130.6,325.7,2691,504.6,2061.6,124.9,2015
81,DISTRICT OF COLUMBIA,"Rate per 100,000 inhabitants",1269.1,24.1,73.5,556.7,614.8,4676.2,442,3748.7,485.5,2015
92,FLORIDA,"Rate per 100,000 inhabitants",461.9,5.1,37.3,104.3,315.2,2813.2,539,2073.6,200.6,2015
103,GEORGIA,"Rate per 100,000 inhabitants",378.3,6,31.6,119.9,220.8,3022.3,649.8,2113.3,259.2,2015
110,HAWAII,"Rate per 100,000 inhabitants",293.4,1.3,39.2,84,168.9,3796.2,458,2934.5,403.7,2015
119,IDAHO,"Rate per 100,000 inhabitants",215.6,1.9,41.9,11.6,160.1,1743.8,370,1260.7,113.1,2015
130,ILLINOIS,"Rate per 100,000 inhabitants",383.8,5.8,37.5,115.9,224.6,1988.6,361.1,1490.2,137.3,2015
141,INDIANA,"Rate per 100,000 inhabitants",387.5,5.6,36.3,107.4,238.2,2596,519.8,1872,204.2,2015
151,IOWA,"Rate per 100,000 inhabitants",286.1,2.3,37,33.5,213.2,2047.3,476.7,1431.6,139,2015
162,KANSAS,"Rate per 100,000 inhabitants",389.9,4.4,55.5,62.4,267.6,2720.1,527.6,1953.5,238.9,2015
171,KENTUCKY,"Rate per 100,000 inhabitants",218.7,4.7,33.7,74.7,105.5,2177.6,503,1498.7,175.9,2015
182,LOUISIANA,"Rate per 100,000 inhabitants",539.7,10.3,36.9,118.8,373.7,3353.4,759,2385.8,208.6,2015
190,MAINE,"Rate per 100,000 inhabitants",130.1,1.7,35.7,23.4,69.3,1830,352.4,1416.4,61.2,2015
198,MARYLAND,"Rate per 100,000 inhabitants",457.2,8.6,27.7,164.2,256.7,2315,427.5,1668.5,218.9,2015
208,MASSACHUSETTS,"Rate per 100,000 inhabitants",390.9,1.9,30.5,77.8,280.7,1690.7,322.2,1249.7,118.8,2015
219,MICHIGAN,"Rate per 100,000 inhabitants",415.5,5.8,65,78.6,266.2,1885.6,403.5,1323.2,158.9,2015
227,MINNESOTA,"Rate per 100,000 inhabitants",242.6,2.4,42.3,68.7,129.2,2222.1,351.6,1725.2,145.4,2015
238,MISSISSIPPI,"Rate per 100,000 inhabitants",275.8,8.7,40.2,76.7,150.3,2833.6,828.8,1863,141.8,2015
248,MISSOURI,"Rate per 100,000 inhabitants",497.4,8.3,42,104.8,342.4,2854.2,559,2015.8,279.4,2015
259,MONTANA,"Rate per 100,000 inhabitants",349.6,3.5,53,20.3,272.8,2623.6,371.6,2017.9,234.1,2015
270,NEBRASKA,"Rate per 100,000 inhabitants",274.9,3.3,46,52.4,173.1,2241.1,338.7,1691.4,211,2015
278,NEVADA,"Rate per 100,000 inhabitants",695.9,6.2,58.4,217.5,413.9,2668.3,773.5,1502.2,392.7,2015
288,NEW HAMPSHIRE,"Rate per 100,000 inhabitants",199.3,1.1,47.1,35.2,116,1745.7,260.6,1418.2,67,2015
294,NEW JERSEY,"Rate per 100,000 inhabitants",255.4,4.1,15.3,108.6,127.4,1626.5,312.1,1182.9,131.5,2015
305,NEW MEXICO,"Rate per 100,000 inhabitants",656.1,5.6,80.2,119.2,451.2,3697.4,819.4,2469.1,408.9,2015
315,NEW YORK,"Rate per 100,000 inhabitants",379.7,3.1,30.7,120.9,225,1604,223.7,1303,77.4,2015
326,NORTH CAROLINA,"Rate per 100,000 inhabitants",347,5.1,26.7,87.9,227.3,2750.1,745.2,1871.1,133.8,2015
334,NORTH DAKOTA,"Rate per 100,000 inhabitants",239.4,2.8,45.6,19.6,171.5,2116.5,395.9,1511.4,209.1,2015
345,OHIO,"Rate per 100,000 inhabitants",291.9,4.3,44.3,108.1,135.1,2587.7,596.7,1842.6,148.4,2015
356,OKLAHOMA,"Rate per 100,000 inhabitants",422,6,47.3,76.8,291.9,2885.9,726.2,1892.5,267.2,2015
367,OREGON,"Rate per 100,000 inhabitants",259.8,2.5,39.5,53.3,164.6,2946.6,455.1,2229.7,261.8,2015
377,PENNSYLVANIA,"Rate per 100,000 inhabitants",315.1,5.1,33.6,101.6,174.8,1812.8,309.8,1408.2,94.8,2015
383,PUERTO RICO,"Rate per 100,000 inhabitants",219.6,16.8,4.7,117.1,80.9,1085.6,263.4,705,117.3,2015
390,RHODE ISLAND,"Rate per 100,000 inhabitants",242.5,2.7,43.5,52.6,143.7,1897.5,373.7,1392.3,131.5,2015
401,SOUTH CAROLINA,"Rate per 100,000 inhabitants",504.5,8.1,46.9,80.3,369.1,3293.3,705.7,2322.7,264.9,2015
412,SOUTH DAKOTA,"Rate per 100,000 inhabitants",383.1,3.7,57.7,25.2,296.6,1943,344.8,1459.8,138.4,2015
420,TENNESSEE,"Rate per 100,000 inhabitants",612.1,6.2,40.5,113.2,452.2,2936.2,655.2,2086,195,2015
431,TEXAS,"Rate per 100,000 inhabitants",412.2,4.8,44.6,116.3,246.6,2831.3,557.2,2028.5,245.7,2015
442,UTAH,"Rate per 100,000 inhabitants",236,1.8,54.9,44.3,135.1,2980,416.2,2273.2,290.6,2015
450,VERMONT,"Rate per 100,000 inhabitants",118,1.6,21.7,16.1,78.6,1406.6,314.4,1063.8,28.4,2015
460,VIRGINIA,"Rate per 100,000 inhabitants",195.6,4.6,27.9,53,110.2,1866.5,254.6,1515.2,96.8,2015
470,WASHINGTON,"Rate per 100,000 inhabitants",284.4,2.9,37.7,76,167.8,3463.8,711.2,2378,374.7,2015
481,WEST VIRGINIA,"Rate per 100,000 inhabitants",337.9,3.8,36.4,41.2,256.4,2020,497.3,1401.3,121.4,2015
491,WISCONSIN,"Rate per 100,000 inhabitants",305.8,4.2,30.8,90.7,180.1,1974,338.8,1444.8,190.3,2015
501,WYOMING,"Rate per 100,000 inhabitants",222.1,2.7,29.5,10.1,179.8,1902.6,300.6,1500.9,101,2015